<?xml version="1.0" encoding="utf-8"?>
<assembly
        xmlns="http://maven.apache.org/plugins/maven-assembly-plugin/assembly/1.1.2"
        xmlns:xsi="http://www.w3.org/2001/XMLSchema-instance"
        xsi:schemaLocation="http://maven.apache.org/plugins/maven-assembly-plugin/assembly/1.1.2 http://maven.apache.org/xsd/assembly-1.1.2.xsd">
	<id>release</id>
	<formats>
        <format>zip</format>
		<format>tar.gz</format>
	</formats>
	<includeBaseDirectory>false</includeBaseDirectory>
	<fileSets>
		<fileSet>
			<directory>target/classes</directory>
			<outputDirectory>conf</outputDirectory>
            <includes>
                <include>**/applicationContext*.xml</include>
                <include>**/logback.xml</include>
                <include>**/provider.xml</include>
                <include>**/*.properties</include>
                <include>**/*.txt</include>
            </includes>
		</fileSet>
        <fileSet>
            <lineEnding>unix</lineEnding>
            <directory>src/main/bin</directory>
            <outputDirectory>bin</outputDirectory>
            <fileMode>0755</fileMode>
        </fileSet>
    </fileSets>
	<dependencySets>
		<dependencySet>
			<outputDirectory>lib</outputDirectory>
			<scope>runtime</scope>
		</dependencySet>
	</dependencySets>
</assembly>