<?xml version="1.0" encoding="UTF-8" ?>
<!DOCTYPE mapper PUBLIC "-//mybatis.org//DTD Mapper 3.0//EN" "http://mybatis.org/dtd/mybatis-3-mapper.dtd" >
<mapper namespace="com.lenovo.contract.dao.ContractMapper" >

    <resultMap id="sendUser" type="com.lenovo.contract.domain.param.SendUserParam">
        <id column="id" property="id"/>
        <result column="name" property="name"/>
        <result column="email" property="email"/>
        <result column="mobile" property="mobile"/>
        <result column="usertype" property="usertype"/>
        <result column="mid" property="mid"/>
        <result column="privatekey" property="privatekey"/>

    </resultMap>

    <resultMap id="receiveUser" type="com.lenovo.contract.domain.param.ReceiveUserParam">

        <id column="id" property="id"/>
        <result column="name" property="name"/>
        <result column="email" property="email"/>
        <result column="mobile" property="mobile"/>
        <result column="usertype" property="userType"/>
        <result column="address" property="address"/>
        <result column="iccode" property="icCode"/>
        <result column="linkman" property="linkMan"/>
        <result column="linkidcode" property="linkIdCode"/>
        <result column="orgcode" property="orgCode"/>
        <result column="taxcode" property="taxCode"/>
        <result column="province" property="province"/>
        <result column="city" property="city"/>
        <result column="mid" property="mid"/>
        <result column="privatekey" property="privatekey"/>
    </resultMap>


    <resultMap id="contractMap" type="com.lenovo.contract.domain.Contract">
        <id column="doc_id" property="docId"/>
        <result column="contract_id" property="contractId"/>
        <result column="order_id" property="orderId"/>
        <result column="send_user_devno" property="sendUserDevno"/>
        <result column="receive_user_devno" property="receiveUserDevno"/>
        <result column="send_user_id" property="sendUserId"/>
        <result column="receive_user_id" property="receiveUserId"/>
        <result column="doc_s_url" property="docSurl"/>
        <result column="doc_q_url" property="docQurl"/>
    </resultMap>

    <resultMap id="abnormalLog" type="com.lenovo.contract.domain.AbnormalLog">
        <id column="id" property="id"/>
        <result column="order_id" property="orderId"/>
        <result column="send_user_id" property="sendUserID"/>
        <result column="receive_user_id" property="receiveUserID"/>
        <result column="send_user_name" property="sendUserName"/>
        <result column="receive_user_name" property="receiveUserName"/>
        <result column="money" property="money"/>
        <result column="tenant" property="tenant"/>
    </resultMap>


  <insert id="insertSendUser" parameterType="com.lenovo.contract.domain.param.SendUserParam">
    INSERT IGNORE INTO send_user
    (id,
    name,
     email,
     mobile,
     usertype,
     mid,
     privatekey,
     create_time)
    VALUES
    (#{id},
     #{name},
     #{email},
     #{mobile},
     #{usertype},
     #{mid},
     #{privatekey},
     now())
  </insert>

  <insert id="insertReceiveUser" parameterType="com.lenovo.contract.domain.param.ReceiveUserParam">
     INSERT INTO receive_user
     (id,
        mid,
        privatekey,
        name,
        email,
        mobile,
        usertype,
        linkman,
        linkidcode,
        iccode,
        orgcode,
        taxcode,
        province,
        city,
        address,
        create_time
     )
     VALUES
     (#{id},
        #{mid},
        #{privatekey},
        #{name},
        #{email},
        #{mobile},
        #{userType},
        #{linkMan},
        #{linkIdCode},
        #{icCode},
        #{orgCode},
        #{taxCode},
        #{province},
        #{city},
        #{address},
        now())
  </insert>

    <select id="selectSendUser" resultMap="sendUser">
        SELECT * FROM send_user WHERE id=#{fid}

    </select>

    <select id="selectReceiveUser" resultMap="receiveUser">
        SELECT * FROM receive_user WHERE id=#{jid} limit 1
    </select>

    <select id="checkReceiveUser" resultType="java.lang.Integer">
        SELECT count(1) FROM receive_user WHERE mobile=#{mobile}
    </select>

    <insert id="insertContract" parameterType="com.lenovo.contract.domain.Contract">
        insert into contract_sr
        (contract_id,
        doc_id,
        order_id,
        send_user_devno,
        receive_user_devno,
        send_user_id,
        receive_user_id,
        doc_s_url,
        doc_q_url,
        create_time)
        values
        (#{contractId},
        #{docId},
        #{orderId},
        #{sendUserDevno},
        #{receiveUserDevno},
        #{sendUserId},
        #{receiveUserId},
        #{docSurl},
        #{docQurl},
        now())
    </insert>

    <select id="selectContract" resultMap="contractMap">
        SELECT * FROM contract_sr WHERE order_id=#{orderId}
    </select>

    <update id="updateContractUrl">
        UPDATE contract_sr SET doc_q_url=#{url},update_time=now() WHERE doc_id=#{docid}
    </update>

    <insert id="insertAbnormal" parameterType="com.lenovo.contract.domain.AbnormalLog">
        INSERT INTO abnormal_log
        (send_user_id,
        receive_user_id,
        send_user_name,
        receive_user_name,
        money,
        order_id,
        result,
        state,
        tenant,
        create_time)
        VALUES
        (#{sendUserID},
        #{receiveUserID},
        #{sendUserName},
        #{receiveUserName},
        #{money},
        #{orderId},
        #{result},
        #{state},
        #{tenant},
        now())
        ON DUPLICATE KEY UPDATE
        perform_number=perform_number+1,
        state=#{state},
        result=concat(result,':',#{result}),
        update_time=now()
    </insert>
    
    <select id="getAbnormalLog" resultMap="abnormalLog">
        SELECT * from abnormal_log WHERE state=0 and 3>perform_number limit 10
    </select>

    <update id="updateAbnormalLog">
        UPDATE abnormal_log set state=1 WHERE order_id=#{orderId}
    </update>

</mapper>