<?xml version="1.0" encoding="UTF-8"?>
<!-- Reference Manual http://logback.qos.ch/manual/index.html -->
<configuration>
    <property name="log.path" value="/data/logs/resin" />

    <appender name="STDOUT" class="ch.qos.logback.core.FileAppender">
        <file>${log.path}/contract-soa.log</file>
        <encoder>
            <pattern>%5p [%t] %logger{36} %L %m %n</pattern>
        </encoder>
    </appender>

    <appender name="stdoutAppender" class="ch.qos.logback.core.rolling.RollingFileAppender">
        <rollingPolicy class="ch.qos.logback.core.rolling.TimeBasedRollingPolicy">
            <fileNamePattern>${log.path}/contract-soa.%d{yyyy-MM-dd}.log</fileNamePattern>
            <maxHistory>30</maxHistory>
        </rollingPolicy>
        <encoder>
            <!--<pattern>%5p [%t] %logger{36} %L %m %n</pattern>-->
            <pattern>%d{yyyy-MM-dd HH:mm:ss.SSS} [%thread] %-5level %logger{5} - %msg%n</pattern>
        </encoder>
        <append>true</append>
        <prudent>false</prudent>
    </appender>
    <logger name="stdoutLogger" level="info" additivity="false">
        <appender-ref ref="stdoutAppender" />
    </logger>


    <!-- 合同-->
    <appender name="contractAppender" class="ch.qos.logback.core.rolling.RollingFileAppender">
        <rollingPolicy class="ch.qos.logback.core.rolling.TimeBasedRollingPolicy">
            <fileNamePattern>${log.path}/contract-order.%d{yyyy-MM-dd}.log</fileNamePattern>
            <maxHistory>30</maxHistory>
        </rollingPolicy>
        <encoder>
            <!--<pattern>%5p [%t] %logger{36} %L %m %n</pattern>-->
            <pattern>%d{yyyy-MM-dd HH:mm:ss.SSS} [%thread] %-5level %logger{5} - %msg%n</pattern>
        </encoder>
    </appender>
    <logger name="com.lenovo.contract.service.impl.contract" level="info" additivity="false">
        <appender-ref ref="contractAppender" />
    </logger>



    <logger name="org.springframework" level="WARN" additivity="false"/>
    <logger name="org.apache.commons.beanutils" level="WARN" additivity="false"/>
    <logger name="org.apache.http" level="WARN" additivity="false"/>
    <logger name="org.apache.velocity" level="WARN" additivity="false"/>
    <logger name="com.lenovo.m2.arch.framework" level="WARN" additivity="false"/>

    <root level="info">
        <appender-ref ref="STDOUT" />
    </root>
</configuration>