<?xml version="1.0" encoding="UTF-8"?>
<beans xmlns="http://www.springframework.org/schema/beans" xmlns:xsi="http://www.w3.org/2001/XMLSchema-instance"
       xmlns:context="http://www.springframework.org/schema/context"
       xmlns:mvc="http://www.springframework.org/schema/mvc" xmlns:aop="http://www.springframework.org/schema/aop"
       xsi:schemaLocation="http://www.springframework.org/schema/beans http://www.springframework.org/schema/beans/spring-beans.xsd
       http://www.springframework.org/schema/context http://www.springframework.org/schema/context/spring-context.xsd
       http://www.springframework.org/schema/mvc http://www.springframework.org/schema/mvc/spring-mvc.xsd http://www.springframework.org/schema/aop http://www.springframework.org/schema/aop/spring-aop.xsd"
       default-lazy-init="false" default-autowire="byName">
    <!-- ========================= BUSINESS OBJECT DEFINITIONS ========================= -->
    <!--&lt;!&ndash; 自定义AOP &ndash;&gt;-->
    <!--<aop:aspectj-autoproxy proxy-target-class="true">-->
    <!--<aop:include name="controllerAspect"/>-->
    <!--</aop:aspectj-autoproxy>-->

    <!--perf4j性能监控AOP-->
    <bean id="timingAspect" class="org.perf4j.slf4j.aop.TimingAspect"/>


    <aop:aspectj-autoproxy proxy-target-class="true">
        <aop:include name="timingAspect"/>
    </aop:aspectj-autoproxy>
    <!-- 自动发现bean，包括@Component@Service@Controller等 -->
    <context:component-scan base-package="com.lenovo.contract.**"/>

    <!-- import the dataSource definition -->

    <import resource="classpath*:spring-config-service.xml"/>
    <import resource="classpath*:spring-config-dao.xml"/>
    <import resource="classpath*:spring-config-dubbo.xml"/>



    <!--<import resource="spring-config-mail.xml"/>-->

    <!--<bean id="propertyConfigurer" class="com.lenovo.contract.service.CustomizedPropertyConfigurer">-->
        <!--<property name="locations">-->
            <!--<list>-->
                <!--<value>classpath:env.properties</value>-->
                <!--<value>classpath:invoice-kafka.properties</value>-->
                <!--<value>classpath:invoice-dubbo.properties</value>-->
                <!--<value>classpath:invoice-datasource.properties</value>-->
            <!--</list>-->
        <!--</property>-->
    <!--</bean>-->

    <mvc:annotation-driven>
        <mvc:message-converters>
            <bean class="org.springframework.http.converter.StringHttpMessageConverter">
                <property name="supportedMediaTypes">
                    <list>
                        <value>application/json;charset=UTF-8</value>
                        <value>text/plain;charset=UTF-8</value>
                        <value>text/html;charset=UTF-8</value>
                    </list>
                </property>
            </bean>
        </mvc:message-converters>
    </mvc:annotation-driven>


    <!--<bean id="exceptionResolver" class="org.springframework.web.servlet.handler.SimpleMappingExceptionResolver">-->
        <!--<property name="exceptionMappings">-->
            <!--<props>-->
                <!--<prop key="org.springframework.dao.DataAccessException">-->
                    <!--dataAccessFailure-->
                <!--</prop>-->
            <!--</props>-->
        <!--</property>-->
    <!--</bean>-->


    <bean id="messageSource" class="org.springframework.context.support.ResourceBundleMessageSource">
        <property name="basename" value="messages"/>
        <property name="useCodeAsDefaultMessage" value="true"/>
    </bean>


    <!-- 将其放在RequestMappingHandlerAdapter之后用于解决@ResponseBody乱码问题 -->
    <mvc:annotation-driven/>

    <bean name="velocityTools" class="java.util.HashMap">
        <constructor-arg>
            <map>
                <entry key="stringUtils">
                    <bean class="org.apache.commons.lang.StringUtils"/>
                </entry>
                <entry key="stringEscapeUtils">
                    <bean class="org.apache.commons.lang.StringEscapeUtils"/>
                </entry>
                <entry key="dateUtils">
                    <bean class="org.apache.commons.lang.time.DateUtils"/>
                </entry>
                <entry key="dateFormatUtils">
                    <bean class="com.lenovo.m2.arch.tool.util.DateFormatUtils"/>
                </entry>
            </map>
        </constructor-arg>
    </bean>

</beans>