<?xml version="1.0" encoding="UTF-8"?>
<beans xmlns="http://www.springframework.org/schema/beans"
       xmlns:aop="http://www.springframework.org/schema/aop"
       xmlns:xsi="http://www.w3.org/2001/XMLSchema-instance"
       xmlns:p="http://www.springframework.org/schema/p"
       xmlns:c="http://www.springframework.org/schema/c"
       xmlns:context="http://www.springframework.org/schema/context"
       xsi:schemaLocation="
	http://www.springframework.org/schema/aop
	http://www.springframework.org/schema/aop/spring-aop.xsd
 	http://www.springframework.org/schema/beans
	http://www.springframework.org/schema/beans/spring-beans.xsd
	http://www.springframework.org/schema/context
	http://www.springframework.org/schema/context/spring-context.xsd"
       default-autowire="byName">

    <aop:aspectj-autoproxy proxy-target-class="true"/>

    <!-- 自动发现bean，包括@Component@Service@Controller等 -->
    <context:component-scan base-package="com.lenovo.contract.**"/>

    <!--<bean id="sendUserBen" class="com.lenovo.contract.domain.SendUserBen">-->
        <!--<property name="name" value="${name}"/>-->
        <!--<property name="selfsign" value="${selfsign}"/>-->
        <!--<property name="email" value="${email}"/>-->
        <!--<property name="mobile" value="${mobile}"/>-->
        <!--<property name="usertype" value="${usertype}"/>-->
        <!--<property name="address" value="${address}"/>-->
        <!--<property name="idcode" value="${idcode}"/>-->
        <!--<property name="linkman" value="${linkman}"/>-->
        <!--<property name="cacerid" value="${cacerid}"/>-->
        <!--<property name="orgcode" value="${orgcode}"/>-->
        <!--<property name="taxcode" value="${taxcode}"/>-->
        <!--<property name="autoSign" value="${autoSign}"/>-->
        <!--<property name="signPage" value="${signPage}"/>-->
        <!--<property name="signPageX" value="${signPageX}"/>-->
    <!--</bean>-->

    <bean id="pdfProperties" class="com.lenovo.contract.common.utils.PdfProperties">
        <property name="htmlPath" value="${htmlPath}"/>
        <property name="pdfPath" value="${pdfPath}"/>
        <property name="htmlUrl" value="${htmlUrl}"/>
        <property name="accessUrl" value="${accessUrl}"/>

        <property name="sendUserX" value="${sendUserX}"/>
        <property name="sendUserY" value="${sendUserY}"/>
        <property name="receiveUserX" value="${receiveUserX}"/>
        <property name="receiveUserY" value="${receiveUserY}"/>
    </bean>
    <bean id="signProperties" class="com.lenovo.contract.common.utils.SignProperties">
        <property name="host" value="${sign.HOST}"/>
        <property name="interfaceUrl" value="${interfaceUrl}"/>
        <property name="appKey" value="${appKey}"/>
        <property name="appSecret" value="${appSecret}"/>
        <property name="method" value="${method}"/>
        <property name="emails" value="${emails}"/>
        <property name="emailUrl" value="${emailUrl}"/>
    </bean>

    <bean id="abnormalWorker" class="com.lenovo.contract.service.worker.AbnormalWorker"/>


    <bean id="generateContractExecutor"
          class="org.springframework.scheduling.concurrent.ThreadPoolTaskExecutor">
        <!-- 核心线程数，默认为1 -->
        <property name="corePoolSize" value="30"/>
        <!-- 最大线程数，默认为Integer.MAX_VALUE -->
        <property name="maxPoolSize" value="100"/>
        <!-- 队列最大长度，一般需要设置值>=notifyScheduledMainExecutor.maxNum；默认为Integer.MAX_VALUE -->
        <property name="queueCapacity" value="200000"/>
        <!-- 线程池维护线程所允许的空闲时间，默认为60s -->
        <property name="keepAliveSeconds" value="120"/>
        <!-- 线程池对拒绝任务（无线程可用）的处理策略，目前只支持AbortPolicy、CallerRunsPolicy；默认为后者 -->
        <property name="rejectedExecutionHandler">
            <!-- AbortPolicy:直接抛出java.util.concurrent.RejectedExecutionException异常 -->
            <!-- CallerRunsPolicy:主线程直接执行该任务，执行完之后尝试添加下一个任务到线程池中，可以有效降低向线程池内添加任务的速度 -->
            <!-- DiscardOldestPolicy:抛弃旧的任务；会导致被丢弃的任务无法再次被执行 -->
            <!-- DiscardPolicy:抛弃当前任务；会导致被丢弃的任务无法再次被执行 -->
            <bean class="java.util.concurrent.ThreadPoolExecutor$CallerRunsPolicy"/>
        </property>
    </bean>

</beans>